{
  "number_of_experiments": 19,
  "meta_statistics": {
    "rsi_stats": {
      "mean": 0.8192417000735518,
      "median": 0.8239592165010823,
      "std": 0.20345803373095056,
      "percentiles": [
        0.6591673732008658,
        0.8239592165010823,
        0.9416676760012369
      ]
    },
    "gbc_stats": {
      "mean": 0.5992849649280223,
      "median": 0.5587434611815527,
      "std": 0.22219436384519822,
      "percentiles": [
        0.43338353111606787,
        0.5587434611815527,
        0.7463608310138987
      ]
    },
    "cai_stats": {
      "mean": 0.20576441102756893,
      "median": 0.2380952380952381,
      "std": 0.11065212578333493,
      "percentiles": [
        0.11904761904761904,
        0.2380952380952381,
        0.2857142857142857
      ]
    },
    "sii_stats": {
      "mean": 0.4185575669728279,
      "median": 0.4284060527487282,
      "std": 0.1575105175211696,
      "percentiles": [
        0.32417845149351554,
        0.4284060527487282,
        0.5235436235398268
      ]
    },
    "entropy": {
      "mean": 1.1229590910175584,
      "median": 1.0729600790043472,
      "std": 0.48040053191900306,
      "percentiles": [
        0.845618341714078,
        1.0729600790043472,
        1.4173803190366447
      ]
    },
    "similarity": {
      "mean": 0.3729609126490445,
      "median": 0.3684375306356516,
      "std": 0.15403073139455273,
      "percentiles": [
        0.2720170733526457,
        0.3684375306356516,
        0.4637561112656232
      ]
    },
    "wc_correlation": {
      "mean": -0.0888630664015998,
      "median": -0.02908959695999233,
      "std": 0.4656213394037751,
      "percentiles": [
        -0.4581947407227454,
        -0.02908959695999233,
        0.23423794793563546
      ]
    },
    "preference_strength": {
      "mean": 2.526315789473684,
      "median": 2.4,
      "std": 0.7738095136626991,
      "percentiles": [
        1.9,
        2.4,
        2.9
      ]
    },
    "significance": {
      "anova_p_values_mean": 0.6275574828242979,
      "significant_ratio": 0.0
    }
  },
  "stereotype_indices": {
    "rsi": {
      "mean": 0.8192417000735518,
      "interpretation": "Role stereotyping level",
      "significance": "High"
    },
    "gbc": {
      "mean": 0.5992849649280223,
      "interpretation": "Group evaluation consistency",
      "significance": "Moderate"
    },
    "cai": {
      "mean": 0.20576441102756893,
      "interpretation": "Competence evaluation polarization",
      "significance": "Moderate"
    },
    "sii": {
      "mean": 0.4185575669728279,
      "interpretation": "Overall evaluation intensity",
      "significance": "Moderate"
    }
  },
  "conclusions": {
    "stereotype_significance": {
      "effect_presence": false,
      "strength": 2.526315789473684
    },
    "clustering_tendency": 0.3729609126490445,
    "warmth_competence_relationship": -0.0888630664015998
  }
}