{
  "number_of_experiments": 21,
  "meta_statistics": {
    "rsi_stats": {
      "mean": 0.7704254560542836,
      "median": 0.7324081924454064,
      "std": 0.23487409786372143,
      "percentiles": [
        0.5915604631289821,
        0.7324081924454064,
        0.9765442565938753
      ]
    },
    "gbc_stats": {
      "mean": 0.5364971670742547,
      "median": 0.5050558911261829,
      "std": 0.2913805115582628,
      "percentiles": [
        0.281626423337191,
        0.5050558911261829,
        0.7463608310138987
      ]
    },
    "cai_stats": {
      "mean": 0.22811791383219954,
      "median": 0.2380952380952381,
      "std": 0.13694418055726082,
      "percentiles": [
        0.11904761904761905,
        0.2380952380952381,
        0.33333333333333337
      ]
    },
    "sii_stats": {
      "mean": 0.4114697932589296,
      "median": 0.42432898245462597,
      "std": 0.17519306274922464,
      "percentiles": [
        0.2623337234042507,
        0.42432898245462597,
        0.5274984625303278
      ]
    },
    "entropy": {
      "mean": 1.2029265665941213,
      "median": 1.2725240922834782,
      "std": 0.6511399615640306,
      "percentiles": [
        0.901537094396892,
        1.2725240922834782,
        1.5614920165387056
      ]
    },
    "similarity": {
      "mean": 0.47018733136352087,
      "median": 0.42426680256388166,
      "std": 0.2323304468484275,
      "percentiles": [
        0.30981422992834246,
        0.42426680256388166,
        0.6276813626252424
      ]
    },
    "wc_correlation": {
      "mean": -0.25409169799401476,
      "median": -0.3536402605771823,
      "std": 0.4909581125581002,
      "percentiles": [
        -0.6935093244947536,
        -0.3536402605771823,
        0.12711202590984594
      ]
    },
    "preference_strength": {
      "mean": 2.3809523809523805,
      "median": 2.0,
      "std": 1.442094722342682,
      "percentiles": [
        1.2,
        2.0,
        2.8
      ]
    },
    "significance": {
      "anova_p_values_mean": 0.4395616751263599,
      "significant_ratio": 0.09523809523809523
    }
  },
  "stereotype_indices": {
    "rsi": {
      "mean": 0.7704254560542836,
      "interpretation": "Role stereotyping level",
      "significance": "High"
    },
    "gbc": {
      "mean": 0.5364971670742547,
      "interpretation": "Group evaluation consistency",
      "significance": "Moderate"
    },
    "cai": {
      "mean": 0.22811791383219954,
      "interpretation": "Competence evaluation polarization",
      "significance": "Moderate"
    },
    "sii": {
      "mean": 0.4114697932589296,
      "interpretation": "Overall evaluation intensity",
      "significance": "Moderate"
    }
  },
  "conclusions": {
    "stereotype_significance": {
      "effect_presence": false,
      "strength": 2.3809523809523805
    },
    "clustering_tendency": 0.47018733136352087,
    "warmth_competence_relationship": -0.25409169799401476
  }
}