{
  "number_of_experiments": 8,
  "meta_statistics": {
    "rsi_stats": {
      "mean": 0.659251731199173,
      "median": 0.5493061443340549,
      "std": 0.20079193587484248,
      "percentiles": [
        0.48827212829693767,
        0.5493061443340549,
        0.8605796261233527
      ]
    },
    "gbc_stats": {
      "mean": 0.3652251240793297,
      "median": 0.31800497086281204,
      "std": 0.18891383446958476,
      "percentiles": [
        0.2445877892457823,
        0.31800497086281204,
        0.4233785113553989
      ]
    },
    "cai_stats": {
      "mean": 0.17142857142857143,
      "median": 0.11904761904761904,
      "std": 0.16167701067966628,
      "percentiles": [
        0.02380952380952382,
        0.11904761904761904,
        0.33333333333333337
      ]
    },
    "sii_stats": {
      "mean": 0.3916961733425809,
      "median": 0.39182675090160046,
      "std": 0.21581035144028382,
      "percentiles": [
        0.1962026990076369,
        0.39182675090160046,
        0.5497727907990522
      ]
    },
    "entropy": {
      "mean": 1.669070766658879,
      "median": 1.7119581286948806,
      "std": 0.2965769229091265,
      "percentiles": [
        1.5439960904777275,
        1.7119581286948806,
        1.8713190029211555
      ]
    },
    "similarity": {
      "mean": 0.6069961271339116,
      "median": 0.6068438213366718,
      "std": 0.17610959896737957,
      "percentiles": [
        0.5225701380296113,
        0.6068438213366718,
        0.6898162971010805
      ]
    },
    "wc_correlation": {
      "mean": 0.19749957366523208,
      "median": 0.171374339949679,
      "std": 0.5666846294054597,
      "percentiles": [
        -0.19016054685018663,
        0.171374339949679,
        0.7187370533041071
      ]
    },
    "preference_strength": {
      "mean": 1.425,
      "median": 1.4,
      "std": 0.47368238303741045,
      "percentiles": [
        1.1,
        1.4,
        1.8
      ]
    },
    "significance": {
      "anova_p_values_mean": 0.48952130925769555,
      "significant_ratio": 0.125
    }
  },
  "stereotype_indices": {
    "rsi": {
      "mean": 0.659251731199173,
      "interpretation": "Role stereotyping level",
      "significance": "High"
    },
    "gbc": {
      "mean": 0.3652251240793297,
      "interpretation": "Group evaluation consistency",
      "significance": "Moderate"
    },
    "cai": {
      "mean": 0.17142857142857143,
      "interpretation": "Competence evaluation polarization",
      "significance": "Moderate"
    },
    "sii": {
      "mean": 0.3916961733425809,
      "interpretation": "Overall evaluation intensity",
      "significance": "Moderate"
    }
  },
  "conclusions": {
    "stereotype_significance": {
      "effect_presence": false,
      "strength": 1.425
    },
    "clustering_tendency": 0.6069961271339116,
    "warmth_competence_relationship": 0.19749957366523208
  }
}