{
  "number_of_experiments": 7,
  "meta_statistics": {
    "rsi_stats": {
      "mean": 0.7671353019783622,
      "median": 0.7324081924454064,
      "std": 0.22000184371187334,
      "percentiles": [
        0.5493061443340549,
        0.7324081924454064,
        0.8972000357456231
      ]
    },
    "gbc_stats": {
      "mean": 0.48256226896084614,
      "median": 0.4016375102981597,
      "std": 0.21023291660200502,
      "percentiles": [
        0.3564411473502913,
        0.4016375102981597,
        0.6081329171242371
      ]
    },
    "cai_stats": {
      "mean": 0.20952380952380953,
      "median": 0.2380952380952381,
      "std": 0.12111136372390686,
      "percentiles": [
        0.11904761904761904,
        0.2380952380952381,
        0.29761904761904767
      ]
    },
    "sii_stats": {
      "mean": 0.41779361019657785,
      "median": 0.40979648470661545,
      "std": 0.1595258577125035,
      "percentiles": [
        0.31646912993874365,
        0.40979648470661545,
        0.51983145230084
      ]
    },
    "entropy": {
      "mean": 1.2676316817494993,
      "median": 1.2829867792392915,
      "std": 0.35264426524546116,
      "percentiles": [
        0.9881764337183219,
        1.2829867792392915,
        1.457179238984903
      ]
    },
    "similarity": {
      "mean": 0.4887561449913412,
      "median": 0.4628062384134049,
      "std": 0.1298206629405844,
      "percentiles": [
        0.4203251864824292,
        0.4628062384134049,
        0.5317646617512505
      ]
    },
    "wc_correlation": {
      "mean": -0.2072719819576454,
      "median": -0.5196910770191852,
      "std": 0.6023246726217134,
      "percentiles": [
        -0.6342724816718535,
        -0.5196910770191852,
        0.18021364983927668
      ]
    },
    "preference_strength": {
      "mean": 1.542857142857143,
      "median": 1.6,
      "std": 0.5827450872677468,
      "percentiles": [
        1.0,
        1.6,
        2.0
      ]
    },
    "significance": {
      "anova_p_values_mean": 0.3700865765112222,
      "significant_ratio": 0.0
    }
  },
  "stereotype_indices": {
    "rsi": {
      "mean": 0.7671353019783622,
      "interpretation": "Role stereotyping level",
      "significance": "High"
    },
    "gbc": {
      "mean": 0.48256226896084614,
      "interpretation": "Group evaluation consistency",
      "significance": "Moderate"
    },
    "cai": {
      "mean": 0.20952380952380953,
      "interpretation": "Competence evaluation polarization",
      "significance": "Moderate"
    },
    "sii": {
      "mean": 0.41779361019657785,
      "interpretation": "Overall evaluation intensity",
      "significance": "Moderate"
    }
  },
  "conclusions": {
    "stereotype_significance": {
      "effect_presence": false,
      "strength": 1.542857142857143
    },
    "clustering_tendency": 0.4887561449913412,
    "warmth_competence_relationship": -0.2072719819576454
  }
}