{
  "number_of_experiments": 7,
  "meta_statistics": {
    "rsi_stats": {
      "mean": 0.7053932147033889,
      "median": 0.6866326804175686,
      "std": 0.19823689384455298,
      "percentiles": [
        0.5493061443340549,
        0.6866326804175686,
        0.8239592165010823
      ]
    },
    "gbc_stats": {
      "mean": 0.45059051361360186,
      "median": 0.4016375102981597,
      "std": 0.20397758445201436,
      "percentiles": [
        0.2856416089156172,
        0.4016375102981597,
        0.6081329171242371
      ]
    },
    "cai_stats": {
      "mean": 0.22176870748299318,
      "median": 0.2380952380952381,
      "std": 0.14773655939072744,
      "percentiles": [
        0.05952380952380952,
        0.2380952380952381,
        0.33333333333333337
      ]
    },
    "sii_stats": {
      "mean": 0.41460064716342454,
      "median": 0.4133382763058781,
      "std": 0.16764934646955695,
      "percentiles": [
        0.3307222577570678,
        0.4133382763058781,
        0.52502036274231
      ]
    },
    "entropy": {
      "mean": 1.438091311783991,
      "median": 1.4507373376340664,
      "std": 0.30239592031702767,
      "percentiles": [
        1.1888204328186347,
        1.4507373376340664,
        1.5865123453964107
      ]
    },
    "similarity": {
      "mean": 0.5135917304595246,
      "median": 0.4860997471543004,
      "std": 0.15794991019343804,
      "percentiles": [
        0.4026413685071141,
        0.4860997471543004,
        0.5659762129365955
      ]
    },
    "wc_correlation": {
      "mean": -0.4933886459174374,
      "median": -0.5865960772880817,
      "std": 0.31741648483285206,
      "percentiles": [
        -0.7430231783263825,
        -0.5865960772880817,
        -0.23804862014057804
      ]
    },
    "preference_strength": {
      "mean": 1.8285714285714287,
      "median": 2.0,
      "std": 0.5897076411585798,
      "percentiles": [
        1.5,
        2.0,
        2.2
      ]
    },
    "significance": {
      "anova_p_values_mean": 0.3925220675787292,
      "significant_ratio": 0.14285714285714285
    }
  },
  "stereotype_indices": {
    "rsi": {
      "mean": 0.7053932147033889,
      "interpretation": "Role stereotyping level",
      "significance": "High"
    },
    "gbc": {
      "mean": 0.45059051361360186,
      "interpretation": "Group evaluation consistency",
      "significance": "Moderate"
    },
    "cai": {
      "mean": 0.22176870748299318,
      "interpretation": "Competence evaluation polarization",
      "significance": "Moderate"
    },
    "sii": {
      "mean": 0.41460064716342454,
      "interpretation": "Overall evaluation intensity",
      "significance": "Moderate"
    }
  },
  "conclusions": {
    "stereotype_significance": {
      "effect_presence": false,
      "strength": 1.8285714285714287
    },
    "clustering_tendency": 0.5135917304595246,
    "warmth_competence_relationship": -0.4933886459174374
  }
}