{
  "number_of_experiments": 8,
  "meta_statistics": {
    "rsi_stats": {
      "mean": 0.8925392563391522,
      "median": 0.9155102405567582,
      "std": 0.2136527608934387,
      "percentiles": [
        0.6866326804175686,
        0.9155102405567582,
        1.0986122886681098
      ]
    },
    "gbc_stats": {
      "mean": 0.6676305562599445,
      "median": 0.7844613047438518,
      "std": 0.28678128070143244,
      "percentiles": [
        0.38891167571122237,
        0.7844613047438518,
        1.0000000000207112
      ]
    },
    "cai_stats": {
      "mean": 0.24702380952380948,
      "median": 0.2380952380952381,
      "std": 0.12873529020167956,
      "percentiles": [
        0.16666666666666669,
        0.2380952380952381,
        0.35714285714285715
      ]
    },
    "sii_stats": {
      "mean": 0.4151664945246368,
      "median": 0.40749059235968976,
      "std": 0.1662431406829307,
      "percentiles": [
        0.2909350379803584,
        0.40749059235968976,
        0.5831181338507577
      ]
    },
    "entropy": {
      "mean": 0.8274941239277396,
      "median": 0.7999509799667734,
      "std": 0.6196677782470156,
      "percentiles": [
        0.24188898202996176,
        0.7999509799667734,
        1.3899949366887785
      ]
    },
    "similarity": {
      "mean": 0.3448147589277305,
      "median": 0.3019213649787044,
      "std": 0.16361412706713158,
      "percentiles": [
        0.26885650654458404,
        0.3019213649787044,
        0.4222125671671176
      ]
    },
    "wc_correlation": {
      "mean": 0.014996713973055714,
      "median": -0.08438366820861773,
      "std": 0.42683645008992843,
      "percentiles": [
        -0.20475346933133276,
        -0.08438366820861773,
        0.14007882112167191
      ]
    },
    "preference_strength": {
      "mean": 3.0749999999999997,
      "median": 3.1,
      "std": 1.4694812009685594,
      "percentiles": [
        1.6,
        3.1,
        4.45
      ]
    },
    "significance": {
      "anova_p_values_mean": 0.4617481911262842,
      "significant_ratio": 0.0
    }
  },
  "stereotype_indices": {
    "rsi": {
      "mean": 0.8925392563391522,
      "interpretation": "Role stereotyping level",
      "significance": "High"
    },
    "gbc": {
      "mean": 0.6676305562599445,
      "interpretation": "Group evaluation consistency",
      "significance": "High"
    },
    "cai": {
      "mean": 0.24702380952380948,
      "interpretation": "Competence evaluation polarization",
      "significance": "Moderate"
    },
    "sii": {
      "mean": 0.4151664945246368,
      "interpretation": "Overall evaluation intensity",
      "significance": "Moderate"
    }
  },
  "conclusions": {
    "stereotype_significance": {
      "effect_presence": false,
      "strength": 3.0749999999999997
    },
    "clustering_tendency": 0.3448147589277305,
    "warmth_competence_relationship": 0.014996713973055714
  }
}