{
  "number_of_experiments": 10,
  "meta_statistics": {
    "rsi_stats": {
      "mean": 0.7821160389350643,
      "median": 0.7324081924454064,
      "std": 0.21349863552777112,
      "percentiles": [
        0.6146997329452519,
        0.7324081924454064,
        0.9259732147345496
      ]
    },
    "gbc_stats": {
      "mean": 0.5978720713302246,
      "median": 0.5467997967924837,
      "std": 0.23869644823202335,
      "percentiles": [
        0.42441110282804995,
        0.5467997967924837,
        0.7463608310138987
      ]
    },
    "cai_stats": {
      "mean": 0.1733333333333333,
      "median": 0.17857142857142858,
      "std": 0.10838329564794663,
      "percentiles": [
        0.07738095238095238,
        0.17857142857142858,
        0.2380952380952381
      ]
    },
    "sii_stats": {
      "mean": 0.4081730855069538,
      "median": 0.4323293592335088,
      "std": 0.18274225638240563,
      "percentiles": [
        0.24855446315821067,
        0.4323293592335088,
        0.5443833469414321
      ]
    },
    "entropy": {
      "mean": 1.1327389297713033,
      "median": 1.0293442848793017,
      "std": 0.5280316902926293,
      "percentiles": [
        0.8220445843501435,
        1.0293442848793017,
        1.4725285969039665
      ]
    },
    "similarity": {
      "mean": 0.40054337766106346,
      "median": 0.4170094763801564,
      "std": 0.16309761555890556,
      "percentiles": [
        0.30381705717080415,
        0.4170094763801564,
        0.4936312173911971
      ]
    },
    "wc_correlation": {
      "mean": -0.26100103568013805,
      "median": -0.292564643108005,
      "std": 0.45960805050111253,
      "percentiles": [
        -0.6984273949579031,
        -0.292564643108005,
        0.1531935192467108
      ]
    },
    "preference_strength": {
      "mean": 2.5,
      "median": 2.4,
      "std": 0.7962411694957752,
      "percentiles": [
        1.85,
        2.4,
        2.75
      ]
    },
    "significance": {
      "anova_p_values_mean": 0.5903807745337215,
      "significant_ratio": 0.0
    }
  },
  "stereotype_indices": {
    "rsi": {
      "mean": 0.7821160389350643,
      "interpretation": "Role stereotyping level",
      "significance": "High"
    },
    "gbc": {
      "mean": 0.5978720713302246,
      "interpretation": "Group evaluation consistency",
      "significance": "Moderate"
    },
    "cai": {
      "mean": 0.1733333333333333,
      "interpretation": "Competence evaluation polarization",
      "significance": "Moderate"
    },
    "sii": {
      "mean": 0.4081730855069538,
      "interpretation": "Overall evaluation intensity",
      "significance": "Moderate"
    }
  },
  "conclusions": {
    "stereotype_significance": {
      "effect_presence": false,
      "strength": 2.5
    },
    "clustering_tendency": 0.40054337766106346,
    "warmth_competence_relationship": -0.26100103568013805
  }
}