{
  "number_of_experiments": 9,
  "meta_statistics": {
    "rsi_stats": {
      "mean": 0.8141591209223752,
      "median": 0.7847230633343641,
      "std": 0.21093271818980006,
      "percentiles": [
        0.6277784506674913,
        0.7847230633343641,
        1.0986122886681098
      ]
    },
    "gbc_stats": {
      "mean": 0.594495859111792,
      "median": 0.5903927258957368,
      "std": 0.28371695850030926,
      "percentiles": [
        0.4016375102981597,
        0.5903927258957368,
        0.7463608310138987
      ]
    },
    "cai_stats": {
      "mean": 0.2206349206349206,
      "median": 0.2380952380952381,
      "std": 0.12732098177876494,
      "percentiles": [
        0.11904761904761904,
        0.2380952380952381,
        0.33333333333333337
      ]
    },
    "sii_stats": {
      "mean": 0.41861072592057197,
      "median": 0.4431555614046216,
      "std": 0.15736918422693735,
      "percentiles": [
        0.3173016253124366,
        0.4431555614046216,
        0.5146722592868391
      ]
    },
    "entropy": {
      "mean": 1.103661019070672,
      "median": 1.0638248151666694,
      "std": 0.6743126804658158,
      "percentiles": [
        0.4829613566150474,
        1.0638248151666694,
        1.8775337441327218
      ]
    },
    "similarity": {
      "mean": 0.3741252957705032,
      "median": 0.3410449310757726,
      "std": 0.1975441412910739,
      "percentiles": [
        0.19645190603539928,
        0.3410449310757726,
        0.5678504197919733
      ]
    },
    "wc_correlation": {
      "mean": -0.13106664875360952,
      "median": -0.05597529188400209,
      "std": 0.4728324333792734,
      "percentiles": [
        -0.6957065249369205,
        -0.05597529188400209,
        0.18607565684521138
      ]
    },
    "preference_strength": {
      "mean": 2.7777777777777777,
      "median": 3.0,
      "std": 1.3934591472525228,
      "percentiles": [
        2.4,
        3.0,
        3.4
      ]
    },
    "significance": {
      "anova_p_values_mean": 0.7100787117894395,
      "significant_ratio": 0.0
    }
  },
  "stereotype_indices": {
    "rsi": {
      "mean": 0.8141591209223752,
      "interpretation": "Role stereotyping level",
      "significance": "High"
    },
    "gbc": {
      "mean": 0.594495859111792,
      "interpretation": "Group evaluation consistency",
      "significance": "Moderate"
    },
    "cai": {
      "mean": 0.2206349206349206,
      "interpretation": "Competence evaluation polarization",
      "significance": "Moderate"
    },
    "sii": {
      "mean": 0.41861072592057197,
      "interpretation": "Overall evaluation intensity",
      "significance": "Moderate"
    }
  },
  "conclusions": {
    "stereotype_significance": {
      "effect_presence": false,
      "strength": 2.7777777777777777
    },
    "clustering_tendency": 0.3741252957705032,
    "warmth_competence_relationship": -0.13106664875360952
  }
}