{
  "number_of_experiments": 9,
  "meta_statistics": {
    "rsi_stats": {
      "mean": 0.7944422680093657,
      "median": 0.7324081924454064,
      "std": 0.21220454485425827,
      "percentiles": [
        0.6179694123758117,
        0.7324081924454064,
        1.0986122886681098
      ]
    },
    "gbc_stats": {
      "mean": 0.5771521000221557,
      "median": 0.5379825496121108,
      "std": 0.29621382574516625,
      "percentiles": [
        0.36122165381466226,
        0.5379825496121108,
        1.0000000000207112
      ]
    },
    "cai_stats": {
      "mean": 0.22751322751322758,
      "median": 0.2380952380952381,
      "std": 0.10583333250671709,
      "percentiles": [
        0.14285714285714285,
        0.2380952380952381,
        0.33333333333333337
      ]
    },
    "sii_stats": {
      "mean": 0.41379273661405286,
      "median": 0.41102237644609313,
      "std": 0.169633637953836,
      "percentiles": [
        0.30797897650051254,
        0.41102237644609313,
        0.5327725907470363
      ]
    },
    "entropy": {
      "mean": 1.1961166898279738,
      "median": 1.539196765110796,
      "std": 0.7449264206179937,
      "percentiles": [
        0.5650393901589637,
        1.539196765110796,
        1.6823166563888488
      ]
    },
    "similarity": {
      "mean": 0.41551016050866285,
      "median": 0.448556805167261,
      "std": 0.22054586168202983,
      "percentiles": [
        0.20654338625925645,
        0.448556805167261,
        0.5873748551904374
      ]
    },
    "wc_correlation": {
      "mean": 0.05825942835823941,
      "median": 0.005382777251941917,
      "std": 0.3626414390132954,
      "percentiles": [
        -0.3094428282679643,
        0.005382777251941917,
        0.2545213378889924
      ]
    },
    "preference_strength": {
      "mean": 2.8666666666666667,
      "median": 2.4,
      "std": 1.3888444437333105,
      "percentiles": [
        2.2,
        2.4,
        3.8
      ]
    },
    "significance": {
      "anova_p_values_mean": 0.6736073502876763,
      "significant_ratio": 0.0
    }
  },
  "stereotype_indices": {
    "rsi": {
      "mean": 0.7944422680093657,
      "interpretation": "Role stereotyping level",
      "significance": "High"
    },
    "gbc": {
      "mean": 0.5771521000221557,
      "interpretation": "Group evaluation consistency",
      "significance": "Moderate"
    },
    "cai": {
      "mean": 0.22751322751322758,
      "interpretation": "Competence evaluation polarization",
      "significance": "Moderate"
    },
    "sii": {
      "mean": 0.41379273661405286,
      "interpretation": "Overall evaluation intensity",
      "significance": "Moderate"
    }
  },
  "conclusions": {
    "stereotype_significance": {
      "effect_presence": false,
      "strength": 2.8666666666666667
    },
    "clustering_tendency": 0.41551016050866285,
    "warmth_competence_relationship": 0.05825942835823941
  }
}