{
  "number_of_experiments": 79,
  "meta_statistics": {
    "rsi_stats": {
      "mean": 0.7949152453010045,
      "median": 0.7847230633343641,
      "std": 0.22986039006466566,
      "percentiles": [
        0.6047916134587069,
        0.7847230633343641,
        1.0986122886681098
      ]
    },
    "gbc_stats": {
      "mean": 0.5509861039136837,
      "median": 0.5050558911261829,
      "std": 0.2838345606529718,
      "percentiles": [
        0.3357172291395232,
        0.5050558911261829,
        0.7463608310138987
      ]
    },
    "cai_stats": {
      "mean": 0.21862567811934902,
      "median": 0.2380952380952381,
      "std": 0.13143440219399502,
      "percentiles": [
        0.11904761904761904,
        0.2380952380952381,
        0.33333333333333337
      ]
    },
    "sii_stats": {
      "mean": 0.4130287769275199,
      "median": 0.41573555258858497,
      "std": 0.17148536214428625,
      "percentiles": [
        0.2910387479642704,
        0.41573555258858497,
        0.5331323154935992
      ]
    },
    "entropy": {
      "mean": 1.175265850973264,
      "median": 1.2330442790191587,
      "std": 0.6281975878041219,
      "percentiles": [
        0.7813641298839188,
        1.2330442790191587,
        1.6914841614267306
      ]
    },
    "similarity": {
      "mean": 0.42776706425390487,
      "median": 0.4043705200673625,
      "std": 0.22225724058693064,
      "percentiles": [
        0.2686615688419628,
        0.4043705200673625,
        0.6006151744975795
      ]
    },
    "wc_correlation": {
      "mean": -0.03142886811496184,
      "median": -0.02908959695999233,
      "std": 0.5247790005744493,
      "percentiles": [
        -0.48621820917469366,
        -0.02908959695999233,
        0.3992917837262182
      ]
    },
    "preference_strength": {
      "mean": 2.3746835443037972,
      "median": 2.2,
      "std": 1.3183676476181336,
      "percentiles": [
        1.2999999999999998,
        2.2,
        3.1
      ]
    },
    "significance": {
      "anova_p_values_mean": 0.5674432066211725,
      "significant_ratio": 0.0379746835443038
    }
  },
  "stereotype_indices": {
    "rsi": {
      "mean": 0.7949152453010045,
      "interpretation": "Role stereotyping level",
      "significance": "High"
    },
    "gbc": {
      "mean": 0.5509861039136837,
      "interpretation": "Group evaluation consistency",
      "significance": "Moderate"
    },
    "cai": {
      "mean": 0.21862567811934902,
      "interpretation": "Competence evaluation polarization",
      "significance": "Moderate"
    },
    "sii": {
      "mean": 0.4130287769275199,
      "interpretation": "Overall evaluation intensity",
      "significance": "Moderate"
    }
  },
  "conclusions": {
    "stereotype_significance": {
      "effect_presence": false,
      "strength": 2.3746835443037972
    },
    "clustering_tendency": 0.42776706425390487,
    "warmth_competence_relationship": -0.03142886811496184
  }
}