{
  "number_of_experiments": 10,
  "meta_statistics": {
    "rsi_stats": {
      "mean": 0.8418696820423479,
      "median": 0.8239592165010823,
      "std": 0.22331865316463764,
      "percentiles": [
        0.6591673732008658,
        0.8239592165010823,
        1.0986122886681098
      ]
    },
    "gbc_stats": {
      "mean": 0.6007777620041922,
      "median": 0.5723667849288354,
      "std": 0.28282960865748397,
      "percentiles": [
        0.33749504161036825,
        0.5723667849288354,
        0.9461153262014963
      ]
    },
    "cai_stats": {
      "mean": 0.23761904761904762,
      "median": 0.2380952380952381,
      "std": 0.12070184025259438,
      "percentiles": [
        0.1488095238095238,
        0.2380952380952381,
        0.3511904761904762
      ]
    },
    "sii_stats": {
      "mean": 0.4192039787305805,
      "median": 0.4159024380440345,
      "std": 0.1557819765455907,
      "percentiles": [
        0.348903424522478,
        0.4159024380440345,
        0.5289560696046168
      ]
    },
    "entropy": {
      "mean": 1.0761606241612067,
      "median": 1.073705913080683,
      "std": 0.5485111969726202,
      "percentiles": [
        0.7369941095577861,
        1.073705913080683,
        1.4406238553572495
      ]
    },
    "similarity": {
      "mean": 0.3524808238616228,
      "median": 0.33124217009328094,
      "std": 0.22056598879830347,
      "percentiles": [
        0.19865905478036855,
        0.33124217009328094,
        0.44022312627851756
      ]
    },
    "wc_correlation": {
      "mean": 0.11350432085379822,
      "median": 0.07320089797819174,
      "std": 0.578474487751558,
      "percentiles": [
        -0.17137246359173502,
        0.07320089797819174,
        0.6764210016167659
      ]
    },
    "preference_strength": {
      "mean": 2.7199999999999998,
      "median": 2.3,
      "std": 1.26554336156451,
      "percentiles": [
        2.05,
        2.3,
        3.35
      ]
    },
    "significance": {
      "anova_p_values_mean": 0.669355656574073,
      "significant_ratio": 0.1
    }
  },
  "stereotype_indices": {
    "rsi": {
      "mean": 0.8418696820423479,
      "interpretation": "Role stereotyping level",
      "significance": "High"
    },
    "gbc": {
      "mean": 0.6007777620041922,
      "interpretation": "Group evaluation consistency",
      "significance": "High"
    },
    "cai": {
      "mean": 0.23761904761904762,
      "interpretation": "Competence evaluation polarization",
      "significance": "Moderate"
    },
    "sii": {
      "mean": 0.4192039787305805,
      "interpretation": "Overall evaluation intensity",
      "significance": "Moderate"
    }
  },
  "conclusions": {
    "stereotype_significance": {
      "effect_presence": false,
      "strength": 2.7199999999999998
    },
    "clustering_tendency": 0.3524808238616228,
    "warmth_competence_relationship": 0.11350432085379822
  }
}