{
  "number_of_experiments": 30,
  "meta_statistics": {
    "rsi_stats": {
      "mean": 0.7573704241389406,
      "median": 0.7324081924454064,
      "std": 0.23693559972165007,
      "percentiles": [
        0.5493061443340549,
        0.7324081924454064,
        0.9416676760012369
      ]
    },
    "gbc_stats": {
      "mean": 0.49133982614233634,
      "median": 0.4291730588433088,
      "std": 0.2759492922405754,
      "percentiles": [
        0.2599833739581381,
        0.4291730588433088,
        0.7463608310138987
      ]
    },
    "cai_stats": {
      "mean": 0.20857142857142857,
      "median": 0.20238095238095238,
      "std": 0.14671201113108803,
      "percentiles": [
        0.07142857142857142,
        0.20238095238095238,
        0.33333333333333337
      ]
    },
    "sii_stats": {
      "mean": 0.4104093359941493,
      "median": 0.41101828194389584,
      "std": 0.17766309951377462,
      "percentiles": [
        0.28839792498991335,
        0.41101828194389584,
        0.5317259869048662
      ]
    },
    "entropy": {
      "mean": 1.3065686185788317,
      "median": 1.3637933197161427,
      "std": 0.6070251186293556,
      "percentiles": [
        0.9136227054411019,
        1.3637933197161427,
        1.7493773114691096
      ]
    },
    "similarity": {
      "mean": 0.4885832560804836,
      "median": 0.4951854052011244,
      "std": 0.23652274536304657,
      "percentiles": [
        0.2984393005617874,
        0.4951854052011244,
        0.6244522506596688
      ]
    },
    "wc_correlation": {
      "mean": -0.00758306091289768,
      "median": -0.03278346852413626,
      "std": 0.5725157210580495,
      "percentiles": [
        -0.5379022329763969,
        -0.03278346852413626,
        0.5346122295127557
      ]
    },
    "preference_strength": {
      "mean": 1.9733333333333332,
      "median": 1.9,
      "std": 1.125146903988788,
      "percentiles": [
        1.2,
        1.9,
        2.35
      ]
    },
    "significance": {
      "anova_p_values_mean": 0.49446801039898747,
      "significant_ratio": 0.1
    }
  },
  "stereotype_indices": {
    "rsi": {
      "mean": 0.7573704241389406,
      "interpretation": "Role stereotyping level",
      "significance": "High"
    },
    "gbc": {
      "mean": 0.49133982614233634,
      "interpretation": "Group evaluation consistency",
      "significance": "Moderate"
    },
    "cai": {
      "mean": 0.20857142857142857,
      "interpretation": "Competence evaluation polarization",
      "significance": "Moderate"
    },
    "sii": {
      "mean": 0.4104093359941493,
      "interpretation": "Overall evaluation intensity",
      "significance": "Moderate"
    }
  },
  "conclusions": {
    "stereotype_significance": {
      "effect_presence": false,
      "strength": 1.9733333333333332
    },
    "clustering_tendency": 0.4885832560804836,
    "warmth_competence_relationship": -0.00758306091289768
  }
}