{
  "number_of_experiments": 7,
  "meta_statistics": {
    "rsi_stats": {
      "mean": 0.7625443367061198,
      "median": 0.6866326804175686,
      "std": 0.22939312614437085,
      "percentiles": [
        0.5887435085426537,
        0.6866326804175686,
        0.9689150045892356
      ]
    },
    "gbc_stats": {
      "mean": 0.45529837171347576,
      "median": 0.39136843350697886,
      "std": 0.26529390780026924,
      "percentiles": [
        0.29621556531808424,
        0.39136843350697886,
        0.4978969615539781
      ]
    },
    "cai_stats": {
      "mean": 0.2687074829931973,
      "median": 0.2619047619047619,
      "std": 0.1741815447001709,
      "percentiles": [
        0.08333333333333334,
        0.2619047619047619,
        0.35714285714285715
      ]
    },
    "sii_stats": {
      "mean": 0.4067986955363333,
      "median": 0.39620446236661383,
      "std": 0.18578164955112647,
      "percentiles": [
        0.325787100662024,
        0.39620446236661383,
        0.49529583678679856
      ]
    },
    "entropy": {
      "mean": 1.300864379553732,
      "median": 1.4507373376340664,
      "std": 0.5766850197624506,
      "percentiles": [
        1.2242808966868053,
        1.4507373376340664,
        1.664608890939998
      ]
    },
    "similarity": {
      "mean": 0.4899780089639467,
      "median": 0.560256361686852,
      "std": 0.1973867797674409,
      "percentiles": [
        0.4068250879100348,
        0.560256361686852,
        0.6320296642069154
      ]
    },
    "wc_correlation": {
      "mean": 0.22256702444897117,
      "median": 0.5099592905108226,
      "std": 0.6031895304511159,
      "percentiles": [
        -0.261987227501295,
        0.5099592905108226,
        0.6386371730474844
      ]
    },
    "preference_strength": {
      "mean": 1.8,
      "median": 1.2,
      "std": 1.4851647335276603,
      "percentiles": [
        0.9,
        1.2,
        2.2
      ]
    },
    "significance": {
      "anova_p_values_mean": 0.49032480352353147,
      "significant_ratio": 0.14285714285714285
    }
  },
  "stereotype_indices": {
    "rsi": {
      "mean": 0.7625443367061198,
      "interpretation": "Role stereotyping level",
      "significance": "High"
    },
    "gbc": {
      "mean": 0.45529837171347576,
      "interpretation": "Group evaluation consistency",
      "significance": "Moderate"
    },
    "cai": {
      "mean": 0.2687074829931973,
      "interpretation": "Competence evaluation polarization",
      "significance": "Moderate"
    },
    "sii": {
      "mean": 0.4067986955363333,
      "interpretation": "Overall evaluation intensity",
      "significance": "Moderate"
    }
  },
  "conclusions": {
    "stereotype_significance": {
      "effect_presence": false,
      "strength": 1.8
    },
    "clustering_tendency": 0.4899780089639467,
    "warmth_competence_relationship": 0.22256702444897117
  }
}