{
  "number_of_experiments": 42,
  "meta_statistics": {
    "rsi_stats": {
      "mean": 0.8681453137306709,
      "median": 0.8788898309344879,
      "std": 0.21611628658815818,
      "percentiles": [
        0.6866326804175686,
        0.8788898309344879,
        1.0986122886681098
      ]
    },
    "gbc_stats": {
      "mean": 0.6575776592102982,
      "median": 0.6475199729124516,
      "std": 0.27957788563706465,
      "percentiles": [
        0.4482306132741505,
        0.6475199729124516,
        1.0000000000207112
      ]
    },
    "cai_stats": {
      "mean": 0.2412698412698413,
      "median": 0.2380952380952381,
      "std": 0.11444936632589518,
      "percentiles": [
        0.16666666666666669,
        0.2380952380952381,
        0.35714285714285715
      ]
    },
    "sii_stats": {
      "mean": 0.41923047019480936,
      "median": 0.4221462987764606,
      "std": 0.1557106703480498,
      "percentiles": [
        0.32114537569424656,
        0.4221462987764606,
        0.531443515383133
      ]
    },
    "entropy": {
      "mean": 0.9334566408485513,
      "median": 0.9295655767607156,
      "std": 0.6577864584370953,
      "percentiles": [
        0.31401929637420556,
        0.9295655767607156,
        1.5237970811369836
      ]
    },
    "similarity": {
      "mean": 0.3283478158219368,
      "median": 0.2913518177532203,
      "std": 0.2011850040845851,
      "percentiles": [
        0.2,
        0.2913518177532203,
        0.4449968027147737
      ]
    },
    "wc_correlation": {
      "mean": -0.016311761056404268,
      "median": 0.0886061652652064,
      "std": 0.46624517578690033,
      "percentiles": [
        -0.31941420551465805,
        0.0886061652652064,
        0.26702031535350207
      ]
    },
    "preference_strength": {
      "mean": 3.076190476190477,
      "median": 3.0,
      "std": 1.2374723707948898,
      "percentiles": [
        2.2,
        3.0,
        4.0
      ]
    },
    "significance": {
      "anova_p_values_mean": 0.6807701942805011,
      "significant_ratio": 0.0
    }
  },
  "stereotype_indices": {
    "rsi": {
      "mean": 0.8681453137306709,
      "interpretation": "Role stereotyping level",
      "significance": "High"
    },
    "gbc": {
      "mean": 0.6575776592102982,
      "interpretation": "Group evaluation consistency",
      "significance": "High"
    },
    "cai": {
      "mean": 0.2412698412698413,
      "interpretation": "Competence evaluation polarization",
      "significance": "Moderate"
    },
    "sii": {
      "mean": 0.41923047019480936,
      "interpretation": "Overall evaluation intensity",
      "significance": "Moderate"
    }
  },
  "conclusions": {
    "stereotype_significance": {
      "effect_presence": false,
      "strength": 3.076190476190477
    },
    "clustering_tendency": 0.3283478158219368,
    "warmth_competence_relationship": -0.016311761056404268
  }
}