{
  "number_of_experiments": 6,
  "meta_statistics": {
    "rsi_stats": {
      "mean": 0.7431488659564152,
      "median": 0.7324081924454064,
      "std": 0.2058000204605172,
      "percentiles": [
        0.612247473372332,
        0.7324081924454064,
        0.8651571773261365
      ]
    },
    "gbc_stats": {
      "mean": 0.44178811738829865,
      "median": 0.381429582056411,
      "std": 0.2923926938171654,
      "percentiles": [
        0.20092848554856133,
        0.381429582056411,
        0.6475199729124516
      ]
    },
    "cai_stats": {
      "mean": 0.18412698412698408,
      "median": 0.19047619047619047,
      "std": 0.11919567512923332,
      "percentiles": [
        0.08333333333333333,
        0.19047619047619047,
        0.2380952380952381
      ]
    },
    "sii_stats": {
      "mean": 0.4137360840231907,
      "median": 0.43317239452652245,
      "std": 0.1697717667256701,
      "percentiles": [
        0.33827057887284645,
        0.43317239452652245,
        0.5478188784579364
      ]
    },
    "entropy": {
      "mean": 1.3404942592261817,
      "median": 1.473583639576315,
      "std": 0.5992522921834853,
      "percentiles": [
        1.0075034094458277,
        1.473583639576315,
        1.8015315811503203
      ]
    },
    "similarity": {
      "mean": 0.4654013178283177,
      "median": 0.4843636299915481,
      "std": 0.260520966255813,
      "percentiles": [
        0.3034324528541895,
        0.4843636299915481,
        0.6660720019953523
      ]
    },
    "wc_correlation": {
      "mean": 0.3637274165661429,
      "median": 0.36586875788124773,
      "std": 0.19298236387895956,
      "percentiles": [
        0.19560210152159613,
        0.36586875788124773,
        0.4962459321259491
      ]
    },
    "preference_strength": {
      "mean": 1.4000000000000001,
      "median": 0.9,
      "std": 1.2754084313139327,
      "percentiles": [
        0.5,
        0.9,
        2.2
      ]
    },
    "significance": {
      "anova_p_values_mean": 0.7452881643182335,
      "significant_ratio": 0.0
    }
  },
  "stereotype_indices": {
    "rsi": {
      "mean": 0.7431488659564152,
      "interpretation": "Role stereotyping level",
      "significance": "High"
    },
    "gbc": {
      "mean": 0.44178811738829865,
      "interpretation": "Group evaluation consistency",
      "significance": "Moderate"
    },
    "cai": {
      "mean": 0.18412698412698408,
      "interpretation": "Competence evaluation polarization",
      "significance": "Moderate"
    },
    "sii": {
      "mean": 0.4137360840231907,
      "interpretation": "Overall evaluation intensity",
      "significance": "Moderate"
    }
  },
  "conclusions": {
    "stereotype_significance": {
      "effect_presence": false,
      "strength": 1.4000000000000001
    },
    "clustering_tendency": 0.4654013178283177,
    "warmth_competence_relationship": 0.3637274165661429
  }
}