{
  "number_of_experiments": 10,
  "meta_statistics": {
    "rsi_stats": {
      "mean": 0.9287546220368125,
      "median": 1.0986122886681098,
      "std": 0.2410677426324692,
      "percentiles": [
        0.7324081924454064,
        1.0986122886681098,
        1.0986122886681098
      ]
    },
    "gbc_stats": {
      "mean": 0.7564861088232598,
      "median": 1.0000000000207112,
      "std": 0.28556348935432424,
      "percentiles": [
        0.49566868335953,
        1.0000000000207112,
        1.0000000000207112
      ]
    },
    "cai_stats": {
      "mean": 0.2561904761904762,
      "median": 0.34523809523809523,
      "std": 0.13175597591080496,
      "percentiles": [
        0.15476190476190477,
        0.34523809523809523,
        0.35714285714285715
      ]
    },
    "sii_stats": {
      "mean": 0.40069827890173626,
      "median": 0.39481902132812463,
      "std": 0.1985973043250749,
      "percentiles": [
        0.2106588778667654,
        0.39481902132812463,
        0.5241962297934276
      ]
    },
    "entropy": {
      "mean": 0.5802102266474112,
      "median": 0.4203980443271107,
      "std": 0.5262940520877042,
      "percentiles": [
        0.15828921405998095,
        0.4203980443271107,
        1.0041459941845825
      ]
    },
    "similarity": {
      "mean": 0.3150939183697769,
      "median": 0.2593377103076103,
      "std": 0.13673619792782124,
      "percentiles": [
        0.2,
        0.2593377103076103,
        0.3999228985759822
      ]
    },
    "wc_correlation": {
      "mean": -0.6136127893356358,
      "median": -0.7538125406817697,
      "std": 0.3528633259340978,
      "percentiles": [
        -0.8587195349600993,
        -0.7538125406817697,
        -0.5631456388880772
      ]
    },
    "preference_strength": {
      "mean": 3.4,
      "median": 3.9,
      "std": 1.4028542333400142,
      "percentiles": [
        2.2,
        3.9,
        4.55
      ]
    },
    "significance": {
      "anova_p_values_mean": 0.34810626445516396,
      "significant_ratio": 0.0
    }
  },
  "stereotype_indices": {
    "rsi": {
      "mean": 0.9287546220368125,
      "interpretation": "Role stereotyping level",
      "significance": "High"
    },
    "gbc": {
      "mean": 0.7564861088232598,
      "interpretation": "Group evaluation consistency",
      "significance": "High"
    },
    "cai": {
      "mean": 0.2561904761904762,
      "interpretation": "Competence evaluation polarization",
      "significance": "Moderate"
    },
    "sii": {
      "mean": 0.40069827890173626,
      "interpretation": "Overall evaluation intensity",
      "significance": "Moderate"
    }
  },
  "conclusions": {
    "stereotype_significance": {
      "effect_presence": false,
      "strength": 3.4
    },
    "clustering_tendency": 0.3150939183697769,
    "warmth_competence_relationship": -0.6136127893356358
  }
}