{
  "number_of_experiments": 9,
  "meta_statistics": {
    "rsi_stats": {
      "mean": 0.5872355102181219,
      "median": 0.5493061443340549,
      "std": 0.12931750467064,
      "percentiles": [
        0.48827212829693767,
        0.5493061443340549,
        0.6591673732008658
      ]
    },
    "gbc_stats": {
      "mean": 0.3012144138291746,
      "median": 0.24669810739154538,
      "std": 0.14934449292089674,
      "percentiles": [
        0.18236265668945273,
        0.24669810739154538,
        0.41848625128398426
      ]
    },
    "cai_stats": {
      "mean": 0.1862433862433862,
      "median": 0.16666666666666669,
      "std": 0.13368141345969806,
      "percentiles": [
        0.07142857142857142,
        0.16666666666666669,
        0.2857142857142857
      ]
    },
    "sii_stats": {
      "mean": 0.41364829245718426,
      "median": 0.4299927268879983,
      "std": 0.16998555864324402,
      "percentiles": [
        0.29992329128007333,
        0.4299927268879983,
        0.5274984625303278
      ]
    },
    "entropy": {
      "mean": 1.8647840731813277,
      "median": 1.8781865531750075,
      "std": 0.21847374625391672,
      "percentiles": [
        1.7613387217864536,
        1.8781865531750075,
        1.9900761113390153
      ]
    },
    "similarity": {
      "mean": 0.7171460930885462,
      "median": 0.7498124723199092,
      "std": 0.12412537783653364,
      "percentiles": [
        0.6282738711062266,
        0.7498124723199092,
        0.808972684043914
      ]
    },
    "wc_correlation": {
      "mean": -0.0032416356173749494,
      "median": -0.07313841930690328,
      "std": 0.4080396639605161,
      "percentiles": [
        -0.3227379979302226,
        -0.07313841930690328,
        0.19776032772260238
      ]
    },
    "preference_strength": {
      "mean": 1.4444444444444444,
      "median": 1.6,
      "std": 0.7529366376043296,
      "percentiles": [
        0.8,
        1.6,
        2.0
      ]
    },
    "significance": {
      "anova_p_values_mean": 0.3131486026068666,
      "significant_ratio": 0.1111111111111111
    }
  },
  "stereotype_indices": {
    "rsi": {
      "mean": 0.5872355102181219,
      "interpretation": "Role stereotyping level",
      "significance": "Moderate"
    },
    "gbc": {
      "mean": 0.3012144138291746,
      "interpretation": "Group evaluation consistency",
      "significance": "Moderate"
    },
    "cai": {
      "mean": 0.1862433862433862,
      "interpretation": "Competence evaluation polarization",
      "significance": "Moderate"
    },
    "sii": {
      "mean": 0.41364829245718426,
      "interpretation": "Overall evaluation intensity",
      "significance": "Moderate"
    }
  },
  "conclusions": {
    "stereotype_significance": {
      "effect_presence": false,
      "strength": 1.4444444444444444
    },
    "clustering_tendency": 0.7171460930885462,
    "warmth_competence_relationship": -0.0032416356173749494
  }
}