{
  "number_of_experiments": 32,
  "meta_statistics": {
    "rsi_stats": {
      "mean": 0.7693232925535751,
      "median": 0.7324081924454064,
      "std": 0.2302699296584695,
      "percentiles": [
        0.5493061443340549,
        0.7324081924454064,
        0.9416676760012369
      ]
    },
    "gbc_stats": {
      "mean": 0.49897477925001843,
      "median": 0.44719802180149937,
      "std": 0.26359008523563,
      "percentiles": [
        0.3108047072989775,
        0.44719802180149937,
        0.7463608310138987
      ]
    },
    "cai_stats": {
      "mean": 0.20401785714285717,
      "median": 0.1904761904761905,
      "std": 0.1375147352184881,
      "percentiles": [
        0.07142857142857142,
        0.1904761904761905,
        0.3154761904761905
      ]
    },
    "sii_stats": {
      "mean": 0.40788305404255415,
      "median": 0.4091350486023679,
      "std": 0.1833886971024083,
      "percentiles": [
        0.2783938386748525,
        0.4091350486023679,
        0.5379051372941144
      ]
    },
    "entropy": {
      "mean": 1.2895005687564096,
      "median": 1.2799180405187551,
      "std": 0.5280553224775099,
      "percentiles": [
        0.9392769361759343,
        1.2799180405187551,
        1.711190652783782
      ]
    },
    "similarity": {
      "mean": 0.46579365309568876,
      "median": 0.42575097125489164,
      "std": 0.2114177977353647,
      "percentiles": [
        0.30815798636376945,
        0.42575097125489164,
        0.6179942682990418
      ]
    },
    "wc_correlation": {
      "mean": 0.060243889452443786,
      "median": 0.025141020286042027,
      "std": 0.5554132336319134,
      "percentiles": [
        -0.38590520789356536,
        0.025141020286042023,
        0.612617284109889
      ]
    },
    "preference_strength": {
      "mean": 1.96875,
      "median": 1.8,
      "std": 1.0967102796545676,
      "percentiles": [
        1.15,
        1.8,
        2.6
      ]
    },
    "significance": {
      "anova_p_values_mean": 0.5418708020376201,
      "significant_ratio": 0.03125
    }
  },
  "stereotype_indices": {
    "rsi": {
      "mean": 0.7693232925535751,
      "interpretation": "Role stereotyping level",
      "significance": "High"
    },
    "gbc": {
      "mean": 0.49897477925001843,
      "interpretation": "Group evaluation consistency",
      "significance": "Moderate"
    },
    "cai": {
      "mean": 0.20401785714285717,
      "interpretation": "Competence evaluation polarization",
      "significance": "Moderate"
    },
    "sii": {
      "mean": 0.40788305404255415,
      "interpretation": "Overall evaluation intensity",
      "significance": "Moderate"
    }
  },
  "conclusions": {
    "stereotype_significance": {
      "effect_presence": false,
      "strength": 1.96875
    },
    "clustering_tendency": 0.46579365309568876,
    "warmth_competence_relationship": 0.060243889452443786
  }
}