{
  "number_of_experiments": 7,
  "meta_statistics": {
    "rsi_stats": {
      "mean": 0.7122477760159701,
      "median": 0.6277784506674913,
      "std": 0.23948568802159845,
      "percentiles": [
        0.514839876454271,
        0.6277784506674913,
        0.8788898309344879
      ]
    },
    "gbc_stats": {
      "mean": 0.4164032948463845,
      "median": 0.281626423337191,
      "std": 0.2954982497726813,
      "percentiles": [
        0.17869791512770605,
        0.281626423337191,
        0.6525521460977257
      ]
    },
    "cai_stats": {
      "mean": 0.2020408163265306,
      "median": 0.1904761904761905,
      "std": 0.14997801680738249,
      "percentiles": [
        0.08333333333333331,
        0.1904761904761905,
        0.2857142857142857
      ]
    },
    "sii_stats": {
      "mean": 0.4045696194680953,
      "median": 0.4259154151785298,
      "std": 0.1905870483622656,
      "percentiles": [
        0.22715721693673857,
        0.4259154151785298,
        0.5263753585703947
      ]
    },
    "entropy": {
      "mean": 1.4507609276410813,
      "median": 1.4952153732102595,
      "std": 0.7054027564171811,
      "percentiles": [
        1.058527304375672,
        1.4952153732102595,
        2.0756260982044106
      ]
    },
    "similarity": {
      "mean": 0.614119777182361,
      "median": 0.6023076210847631,
      "std": 0.23192593112410276,
      "percentiles": [
        0.48738533486526203,
        0.6023076210847631,
        0.8071913431092168
      ]
    },
    "wc_correlation": {
      "mean": 0.009389500977260228,
      "median": 0.16776749919757114,
      "std": 0.5971355529728467,
      "percentiles": [
        -0.5450189869197067,
        0.16776749919757114,
        0.5816796329196235
      ]
    },
    "preference_strength": {
      "mean": 1.5999999999999999,
      "median": 1.2,
      "std": 1.397957694025722,
      "percentiles": [
        0.8,
        1.2,
        1.9
      ]
    },
    "significance": {
      "anova_p_values_mean": 0.33800534904796703,
      "significant_ratio": 0.14285714285714285
    }
  },
  "stereotype_indices": {
    "rsi": {
      "mean": 0.7122477760159701,
      "interpretation": "Role stereotyping level",
      "significance": "High"
    },
    "gbc": {
      "mean": 0.4164032948463845,
      "interpretation": "Group evaluation consistency",
      "significance": "Moderate"
    },
    "cai": {
      "mean": 0.2020408163265306,
      "interpretation": "Competence evaluation polarization",
      "significance": "Moderate"
    },
    "sii": {
      "mean": 0.4045696194680953,
      "interpretation": "Overall evaluation intensity",
      "significance": "Moderate"
    }
  },
  "conclusions": {
    "stereotype_significance": {
      "effect_presence": false,
      "strength": 1.5999999999999999
    },
    "clustering_tendency": 0.614119777182361,
    "warmth_competence_relationship": 0.009389500977260228
  }
}