{
  "number_of_experiments": 7,
  "meta_statistics": {
    "rsi_stats": {
      "mean": 0.8936353774434922,
      "median": 0.9155102405567582,
      "std": 0.21459670336489248,
      "percentiles": [
        0.7324081924454064,
        0.9155102405567582,
        1.0986122886681098
      ]
    },
    "gbc_stats": {
      "mean": 0.7424976927627776,
      "median": 0.7463608310138987,
      "std": 0.24807867528432925,
      "percentiles": [
        0.5138682080605873,
        0.7463608310138987,
        1.0000000000207112
      ]
    },
    "cai_stats": {
      "mean": 0.2605442176870749,
      "median": 0.2619047619047619,
      "std": 0.10084560794670162,
      "percentiles": [
        0.2261904761904762,
        0.2619047619047619,
        0.35714285714285715
      ]
    },
    "sii_stats": {
      "mean": 0.41523911314526873,
      "median": 0.4309294007623124,
      "std": 0.16606167202076047,
      "percentiles": [
        0.3146917819305266,
        0.4309294007623124,
        0.529338638039685
      ]
    },
    "entropy": {
      "mean": 0.7199274603572918,
      "median": 0.6057599602842126,
      "std": 0.5769756864289309,
      "percentiles": [
        0.20938786095475753,
        0.6057599602842126,
        1.2267322619564398
      ]
    },
    "similarity": {
      "mean": 0.28285048644867716,
      "median": 0.23467984401260714,
      "std": 0.15968379272031988,
      "percentiles": [
        0.18712385242156954,
        0.23467984401260714,
        0.3227688785465632
      ]
    },
    "wc_correlation": {
      "mean": -0.278275949041867,
      "median": -0.18438361545719556,
      "std": 0.3721898197109287,
      "percentiles": [
        -0.5823886295347085,
        -0.18438361545719556,
        0.049011214474926804
      ]
    },
    "preference_strength": {
      "mean": 3.714285714285714,
      "median": 4.4,
      "std": 1.1153840740538934,
      "percentiles": [
        2.7,
        4.4,
        4.6
      ]
    },
    "significance": {
      "anova_p_values_mean": 0.5881576087523835,
      "significant_ratio": 0.0
    }
  },
  "stereotype_indices": {
    "rsi": {
      "mean": 0.8936353774434922,
      "interpretation": "Role stereotyping level",
      "significance": "High"
    },
    "gbc": {
      "mean": 0.7424976927627776,
      "interpretation": "Group evaluation consistency",
      "significance": "High"
    },
    "cai": {
      "mean": 0.2605442176870749,
      "interpretation": "Competence evaluation polarization",
      "significance": "Moderate"
    },
    "sii": {
      "mean": 0.41523911314526873,
      "interpretation": "Overall evaluation intensity",
      "significance": "Moderate"
    }
  },
  "conclusions": {
    "stereotype_significance": {
      "effect_presence": false,
      "strength": 3.714285714285714
    },
    "clustering_tendency": 0.28285048644867716,
    "warmth_competence_relationship": -0.278275949041867
  }
}