{
  "number_of_experiments": 8,
  "meta_statistics": {
    "rsi_stats": {
      "mean": 0.7210941629517181,
      "median": 0.7193294747231671,
      "std": 0.208883635549521,
      "percentiles": [
        0.5493061443340549,
        0.7193294747231671,
        0.8788898309344879
      ]
    },
    "gbc_stats": {
      "mean": 0.4426183734710042,
      "median": 0.4154386745400321,
      "std": 0.25170248166524883,
      "percentiles": [
        0.21690904634458286,
        0.4154386745400321,
        0.5587434611815527
      ]
    },
    "cai_stats": {
      "mean": 0.16666666666666666,
      "median": 0.17857142857142858,
      "std": 0.1269965271723294,
      "percentiles": [
        0.04761904761904762,
        0.17857142857142858,
        0.24404761904761907
      ]
    },
    "sii_stats": {
      "mean": 0.40365963806934335,
      "median": 0.3906805421833085,
      "std": 0.19250687414668277,
      "percentiles": [
        0.25485088680305085,
        0.3906805421833085,
        0.5504625252093073
      ]
    },
    "entropy": {
      "mean": 1.3991087162194615,
      "median": 1.3839444707293158,
      "std": 0.42188391502114186,
      "percentiles": [
        1.0808275117526491,
        1.3839444707293158,
        1.7526179025943558
      ]
    },
    "similarity": {
      "mean": 0.47896840325415835,
      "median": 0.42359256532174727,
      "std": 0.1842073771861267,
      "percentiles": [
        0.374733744617184,
        0.42359256532174727,
        0.6435479912763283
      ]
    },
    "wc_correlation": {
      "mean": 0.18263933528123688,
      "median": 0.22014601277770834,
      "std": 0.47415553906817987,
      "percentiles": [
        -0.16350116327112613,
        0.22014601277770834,
        0.6493751072202518
      ]
    },
    "preference_strength": {
      "mean": 1.5250000000000001,
      "median": 1.7000000000000002,
      "std": 0.9946733132038881,
      "percentiles": [
        0.7000000000000001,
        1.7000000000000002,
        2.2
      ]
    },
    "significance": {
      "anova_p_values_mean": 0.5768995921580737,
      "significant_ratio": 0.0
    }
  },
  "stereotype_indices": {
    "rsi": {
      "mean": 0.7210941629517181,
      "interpretation": "Role stereotyping level",
      "significance": "High"
    },
    "gbc": {
      "mean": 0.4426183734710042,
      "interpretation": "Group evaluation consistency",
      "significance": "Moderate"
    },
    "cai": {
      "mean": 0.16666666666666666,
      "interpretation": "Competence evaluation polarization",
      "significance": "Moderate"
    },
    "sii": {
      "mean": 0.40365963806934335,
      "interpretation": "Overall evaluation intensity",
      "significance": "Moderate"
    }
  },
  "conclusions": {
    "stereotype_significance": {
      "effect_presence": false,
      "strength": 1.5250000000000001
    },
    "clustering_tendency": 0.47896840325415835,
    "warmth_competence_relationship": 0.18263933528123688
  }
}