{
  "number_of_experiments": 37,
  "meta_statistics": {
    "rsi_stats": {
      "mean": 0.71178922167814,
      "median": 0.6591673732008658,
      "std": 0.21632476932520686,
      "percentiles": [
        0.5493061443340549,
        0.6591673732008658,
        0.8788898309344879
      ]
    },
    "gbc_stats": {
      "mean": 0.4299902843877972,
      "median": 0.3844891554951773,
      "std": 0.23610864080215782,
      "percentiles": [
        0.23560926281027017,
        0.3844891554951773,
        0.5587434611815527
      ]
    },
    "cai_stats": {
      "mean": 0.1929214929214929,
      "median": 0.19047619047619047,
      "std": 0.14412828557734472,
      "percentiles": [
        0.04761904761904764,
        0.19047619047619047,
        0.3095238095238095
      ]
    },
    "sii_stats": {
      "mean": 0.4059890170024885,
      "median": 0.40979648470661545,
      "std": 0.1875444429284777,
      "percentiles": [
        0.2585659364445259,
        0.40979648470661545,
        0.5371655220037457
      ]
    },
    "entropy": {
      "mean": 1.4497519813851008,
      "median": 1.4507373376340664,
      "std": 0.45795576365368956,
      "percentiles": [
        1.1051167733537912,
        1.4507373376340664,
        1.8698428308593578
      ]
    },
    "similarity": {
      "mean": 0.5406213462577607,
      "median": 0.5042710632479485,
      "std": 0.18860268605760777,
      "percentiles": [
        0.4043705200673625,
        0.5042710632479485,
        0.6617517073290676
      ]
    },
    "wc_correlation": {
      "mean": -0.04858882747872991,
      "median": -0.10737720389464421,
      "std": 0.5836835954224455,
      "percentiles": [
        -0.5865960772880817,
        -0.10737720389464421,
        0.5741872729482538
      ]
    },
    "preference_strength": {
      "mean": 1.5783783783783782,
      "median": 1.6,
      "std": 0.8832174398295088,
      "percentiles": [
        0.8,
        1.6,
        2.2
      ]
    },
    "significance": {
      "anova_p_values_mean": 0.43880176117004277,
      "significant_ratio": 0.08108108108108109
    }
  },
  "stereotype_indices": {
    "rsi": {
      "mean": 0.71178922167814,
      "interpretation": "Role stereotyping level",
      "significance": "High"
    },
    "gbc": {
      "mean": 0.4299902843877972,
      "interpretation": "Group evaluation consistency",
      "significance": "Moderate"
    },
    "cai": {
      "mean": 0.1929214929214929,
      "interpretation": "Competence evaluation polarization",
      "significance": "Moderate"
    },
    "sii": {
      "mean": 0.4059890170024885,
      "interpretation": "Overall evaluation intensity",
      "significance": "Moderate"
    }
  },
  "conclusions": {
    "stereotype_significance": {
      "effect_presence": false,
      "strength": 1.5783783783783782
    },
    "clustering_tendency": 0.5406213462577607,
    "warmth_competence_relationship": -0.04858882747872991
  }
}