{
  "number_of_experiments": 10,
  "meta_statistics": {
    "rsi_stats": {
      "mean": 0.7304331841232623,
      "median": 0.7324081924454064,
      "std": 0.20680386220647584,
      "percentiles": [
        0.5493061443340549,
        0.7324081924454064,
        0.8926224845428392
      ]
    },
    "gbc_stats": {
      "mean": 0.4679057686407819,
      "median": 0.45781137349584533,
      "std": 0.24088726788183873,
      "percentiles": [
        0.24509621342841784,
        0.45781137349584533,
        0.642108256772523
      ]
    },
    "cai_stats": {
      "mean": 0.17857142857142855,
      "median": 0.16666666666666669,
      "std": 0.12011426910123275,
      "percentiles": [
        0.07142857142857142,
        0.16666666666666669,
        0.2619047619047619
      ]
    },
    "sii_stats": {
      "mean": 0.41034830672619443,
      "median": 0.4140859649736155,
      "std": 0.17780401336006185,
      "percentiles": [
        0.2654037387886907,
        0.4140859649736155,
        0.5402088873268225
      ]
    },
    "entropy": {
      "mean": 1.4394045127181012,
      "median": 1.406147313796315,
      "std": 0.5584765695951167,
      "percentiles": [
        1.03894649586891,
        1.406147313796315,
        1.9318315972033875
      ]
    },
    "similarity": {
      "mean": 0.45965064344763507,
      "median": 0.42508432410773994,
      "std": 0.25500422825632035,
      "percentiles": [
        0.27149118044281967,
        0.42508432410773994,
        0.6609437308844466
      ]
    },
    "wc_correlation": {
      "mean": 0.037546970359905944,
      "median": 0.035568367012921924,
      "std": 0.46866443262237384,
      "percentiles": [
        -0.3822755901753024,
        0.03556836701292193,
        0.3548190114783827
      ]
    },
    "preference_strength": {
      "mean": 1.98,
      "median": 1.8,
      "std": 0.9610411021387171,
      "percentiles": [
        1.2,
        1.8,
        2.9
      ]
    },
    "significance": {
      "anova_p_values_mean": 0.8313476376072406,
      "significant_ratio": 0.0
    }
  },
  "stereotype_indices": {
    "rsi": {
      "mean": 0.7304331841232623,
      "interpretation": "Role stereotyping level",
      "significance": "High"
    },
    "gbc": {
      "mean": 0.4679057686407819,
      "interpretation": "Group evaluation consistency",
      "significance": "Moderate"
    },
    "cai": {
      "mean": 0.17857142857142855,
      "interpretation": "Competence evaluation polarization",
      "significance": "Moderate"
    },
    "sii": {
      "mean": 0.41034830672619443,
      "interpretation": "Overall evaluation intensity",
      "significance": "Moderate"
    }
  },
  "conclusions": {
    "stereotype_significance": {
      "effect_presence": false,
      "strength": 1.98
    },
    "clustering_tendency": 0.45965064344763507,
    "warmth_competence_relationship": 0.037546970359905944
  }
}