{
  "number_of_experiments": 8,
  "meta_statistics": {
    "rsi_stats": {
      "mean": 0.9404514924424155,
      "median": 1.0986122886681098,
      "std": 0.19580758568791565,
      "percentiles": [
        0.8651571773261365,
        1.0986122886681098,
        1.0986122886681098
      ]
    },
    "gbc_stats": {
      "mean": 0.7186796415519433,
      "median": 0.7463608310138987,
      "std": 0.2512001090843933,
      "percentiles": [
        0.5050558911261829,
        0.7463608310138987,
        1.0000000000207112
      ]
    },
    "cai_stats": {
      "mean": 0.23988095238095236,
      "median": 0.2380952380952381,
      "std": 0.11509971768574356,
      "percentiles": [
        0.18452380952380953,
        0.2380952380952381,
        0.35714285714285715
      ]
    },
    "sii_stats": {
      "mean": 0.4305648533328993,
      "median": 0.40917013585712636,
      "std": 0.120887993921724,
      "percentiles": [
        0.3800432869701019,
        0.40917013585712636,
        0.5173705260390119
      ]
    },
    "entropy": {
      "mean": 0.7028158435148015,
      "median": 0.6880066513182068,
      "std": 0.49917910466438986,
      "percentiles": [
        0.36451541361668144,
        0.6880066513182068,
        0.8800402410998298
      ]
    },
    "similarity": {
      "mean": 0.23844351398125188,
      "median": 0.24777303460595124,
      "std": 0.13765127202131763,
      "percentiles": [
        0.16859596731608376,
        0.24777303460595124,
        0.2768719972922375
      ]
    },
    "wc_correlation": {
      "mean": 0.19756319973405667,
      "median": 0.31953488197798097,
      "std": 0.46579101748987123,
      "percentiles": [
        0.13521988128789938,
        0.31953488197798097,
        0.436355858591359
      ]
    },
    "preference_strength": {
      "mean": 2.975,
      "median": 2.8,
      "std": 1.0316855140981676,
      "percentiles": [
        2.0,
        2.8,
        3.6
      ]
    },
    "significance": {
      "anova_p_values_mean": 0.7255222401901484,
      "significant_ratio": 0.0
    }
  },
  "stereotype_indices": {
    "rsi": {
      "mean": 0.9404514924424155,
      "interpretation": "Role stereotyping level",
      "significance": "High"
    },
    "gbc": {
      "mean": 0.7186796415519433,
      "interpretation": "Group evaluation consistency",
      "significance": "High"
    },
    "cai": {
      "mean": 0.23988095238095236,
      "interpretation": "Competence evaluation polarization",
      "significance": "Moderate"
    },
    "sii": {
      "mean": 0.4305648533328993,
      "interpretation": "Overall evaluation intensity",
      "significance": "Moderate"
    }
  },
  "conclusions": {
    "stereotype_significance": {
      "effect_presence": false,
      "strength": 2.975
    },
    "clustering_tendency": 0.23844351398125188,
    "warmth_competence_relationship": 0.19756319973405667
  }
}