{
  "number_of_experiments": 9,
  "meta_statistics": {
    "rsi_stats": {
      "mean": 0.9117367882954156,
      "median": 0.9155102405567582,
      "std": 0.20770424867685636,
      "percentiles": [
        0.7847230633343641,
        0.9155102405567582,
        1.0986122886681098
      ]
    },
    "gbc_stats": {
      "mean": 0.6807232303191108,
      "median": 0.7844613047438518,
      "std": 0.26955261020262866,
      "percentiles": [
        0.4578113734958454,
        0.7844613047438518,
        1.0000000000207112
      ]
    },
    "cai_stats": {
      "mean": 0.2619047619047619,
      "median": 0.2380952380952381,
      "std": 0.11268723396380219,
      "percentiles": [
        0.1904761904761905,
        0.2380952380952381,
        0.35714285714285715
      ]
    },
    "sii_stats": {
      "mean": 0.4183173296322548,
      "median": 0.4236370681662935,
      "std": 0.15814743668279754,
      "percentiles": [
        0.3488701268105847,
        0.4236370681662935,
        0.528657285096749
      ]
    },
    "entropy": {
      "mean": 0.8716845072146542,
      "median": 0.9278326750317645,
      "std": 0.5870567359196357,
      "percentiles": [
        0.6500224213598151,
        0.9278326750317645,
        0.9575997347454497
      ]
    },
    "similarity": {
      "mean": 0.3107097378908993,
      "median": 0.2908949601136618,
      "std": 0.21388633654889588,
      "percentiles": [
        0.25008039820216493,
        0.2908949601136618,
        0.30937911257212114
      ]
    },
    "wc_correlation": {
      "mean": 0.037510784956663074,
      "median": 0.11459070824492115,
      "std": 0.49307610502956456,
      "percentiles": [
        -0.27568645794804575,
        0.11459070824492115,
        0.2711866411750053
      ]
    },
    "preference_strength": {
      "mean": 3.177777777777778,
      "median": 3.0,
      "std": 0.9449018500208578,
      "percentiles": [
        2.6,
        3.0,
        4.0
      ]
    },
    "significance": {
      "anova_p_values_mean": 0.6908769353665705,
      "significant_ratio": 0.0
    }
  },
  "stereotype_indices": {
    "rsi": {
      "mean": 0.9117367882954156,
      "interpretation": "Role stereotyping level",
      "significance": "High"
    },
    "gbc": {
      "mean": 0.6807232303191108,
      "interpretation": "Group evaluation consistency",
      "significance": "High"
    },
    "cai": {
      "mean": 0.2619047619047619,
      "interpretation": "Competence evaluation polarization",
      "significance": "Moderate"
    },
    "sii": {
      "mean": 0.4183173296322548,
      "interpretation": "Overall evaluation intensity",
      "significance": "Moderate"
    }
  },
  "conclusions": {
    "stereotype_significance": {
      "effect_presence": false,
      "strength": 3.177777777777778
    },
    "clustering_tendency": 0.3107097378908993,
    "warmth_competence_relationship": 0.037510784956663074
  }
}