{
  "number_of_experiments": 16,
  "meta_statistics": {
    "rsi_stats": {
      "mean": 0.7584821777622551,
      "median": 0.6866326804175686,
      "std": 0.22822031231226936,
      "percentiles": [
        0.5809968834302504,
        0.6866326804175686,
        0.9503868211493965
      ]
    },
    "gbc_stats": {
      "mean": 0.5068244977577558,
      "median": 0.45781137349584533,
      "std": 0.3064579790432356,
      "percentiles": [
        0.2163233294994622,
        0.45781137349584533,
        0.7463608310138987
      ]
    },
    "cai_stats": {
      "mean": 0.21636904761904763,
      "median": 0.2380952380952381,
      "std": 0.1276751026279821,
      "percentiles": [
        0.11904761904761905,
        0.2380952380952381,
        0.31547619047619047
      ]
    },
    "sii_stats": {
      "mean": 0.40975762286269635,
      "median": 0.4241084133063429,
      "std": 0.17916107419278401,
      "percentiles": [
        0.26000214442364705,
        0.4241084133063429,
        0.5302187764001007
      ]
    },
    "entropy": {
      "mean": 1.3075235438712083,
      "median": 1.5172060691605278,
      "std": 0.738779048136784,
      "percentiles": [
        0.8174126683374099,
        1.5172060691605278,
        1.8852007619051872
      ]
    },
    "similarity": {
      "mean": 0.5024018678034058,
      "median": 0.5076049256422419,
      "std": 0.24617188034246068,
      "percentiles": [
        0.3698359484877254,
        0.5076049256422419,
        0.6889576844671452
      ]
    },
    "wc_correlation": {
      "mean": 0.03687883512906105,
      "median": 0.08657513822475653,
      "std": 0.4801678881080465,
      "percentiles": [
        -0.33046356359196255,
        0.08657513822475653,
        0.5266348485458064
      ]
    },
    "preference_strength": {
      "mean": 2.3125,
      "median": 2.2,
      "std": 1.5280195515764843,
      "percentiles": [
        1.15,
        2.2,
        3.2
      ]
    },
    "significance": {
      "anova_p_values_mean": 0.5267814747453035,
      "significant_ratio": 0.0625
    }
  },
  "stereotype_indices": {
    "rsi": {
      "mean": 0.7584821777622551,
      "interpretation": "Role stereotyping level",
      "significance": "High"
    },
    "gbc": {
      "mean": 0.5068244977577558,
      "interpretation": "Group evaluation consistency",
      "significance": "Moderate"
    },
    "cai": {
      "mean": 0.21636904761904763,
      "interpretation": "Competence evaluation polarization",
      "significance": "Moderate"
    },
    "sii": {
      "mean": 0.40975762286269635,
      "interpretation": "Overall evaluation intensity",
      "significance": "Moderate"
    }
  },
  "conclusions": {
    "stereotype_significance": {
      "effect_presence": false,
      "strength": 2.3125
    },
    "clustering_tendency": 0.5024018678034058,
    "warmth_competence_relationship": 0.03687883512906105
  }
}