{
  "number_of_experiments": 25,
  "meta_statistics": {
    "rsi_stats": {
      "mean": 0.7699359299146347,
      "median": 0.7324081924454064,
      "std": 0.2330602602991989,
      "percentiles": [
        0.5493061443340549,
        0.7324081924454064,
        0.9416676760012369
      ]
    },
    "gbc_stats": {
      "mean": 0.5035702821309866,
      "median": 0.4471980218014994,
      "std": 0.2765178289309957,
      "percentiles": [
        0.2682001658269306,
        0.4471980218014994,
        0.7463608310138987
      ]
    },
    "cai_stats": {
      "mean": 0.20247619047619045,
      "median": 0.1904761904761905,
      "std": 0.1417296458649594,
      "percentiles": [
        0.07142857142857142,
        0.1904761904761905,
        0.33333333333333337
      ]
    },
    "sii_stats": {
      "mean": 0.40510809831942746,
      "median": 0.4084736124981203,
      "std": 0.1894397758550645,
      "percentiles": [
        0.26328789783421697,
        0.4084736124981203,
        0.5389322908787838
      ]
    },
    "entropy": {
      "mean": 1.2956238571183445,
      "median": 1.2768493017982188,
      "std": 0.5673858160505373,
      "percentiles": [
        0.9430916898906576,
        1.2768493017982188,
        1.7134930805170778
      ]
    },
    "similarity": {
      "mean": 0.459364155364906,
      "median": 0.40138700249537723,
      "std": 0.22870254055669795,
      "percentiles": [
        0.29897901753813433,
        0.40138700249537723,
        0.6276823289073236
      ]
    },
    "wc_correlation": {
      "mean": 0.1351483334472688,
      "median": 0.11459070824492115,
      "std": 0.5173276857389423,
      "percentiles": [
        -0.27568645794804575,
        0.11459070824492115,
        0.6381957137615574
      ]
    },
    "preference_strength": {
      "mean": 2.088,
      "median": 1.8,
      "std": 1.174502447847598,
      "percentiles": [
        1.2,
        1.8,
        2.8
      ]
    },
    "significance": {
      "anova_p_values_mean": 0.5899703851850115,
      "significant_ratio": 0.04
    }
  },
  "stereotype_indices": {
    "rsi": {
      "mean": 0.7699359299146347,
      "interpretation": "Role stereotyping level",
      "significance": "High"
    },
    "gbc": {
      "mean": 0.5035702821309866,
      "interpretation": "Group evaluation consistency",
      "significance": "Moderate"
    },
    "cai": {
      "mean": 0.20247619047619045,
      "interpretation": "Competence evaluation polarization",
      "significance": "Moderate"
    },
    "sii": {
      "mean": 0.40510809831942746,
      "interpretation": "Overall evaluation intensity",
      "significance": "Moderate"
    }
  },
  "conclusions": {
    "stereotype_significance": {
      "effect_presence": false,
      "strength": 2.088
    },
    "clustering_tendency": 0.459364155364906,
    "warmth_competence_relationship": 0.1351483334472688
  }
}